{
  "years": [
    {
      "name": "السنة الأولى — الأساسيات (مبتدئ)",
      "areas": [
        {
          "name": "Linux Basics",
          "modules": [
            {
              "name": "أنظمة التشغيل وإدارة الملفات",
              "tasks": [
                "التعرف على Kernel و Shell",
                "أوامر لينكس الأساسية (ls, cd, cat, mkdir, rm)",
                "إدارة الصلاحيات (chmod, chown)",
                "تثبيت كالي وتحديث النظام"
              ]
            }
          ]
        },
        {
          "name": "Networking",
          "modules": [
            {
              "name": "مفاهيم الشبكات",
              "tasks": [
                "IP/DNS/DHCP/NAT وطبقات OSI/TCP-IP",
                "Subnetting تمارين أساسية",
                "أوامر ping, ip a, netstat, nslookup, traceroute"
              ]
            }
          ]
        }
      ]
    },
    {
      "name": "السنة الثانية — البداية في الأمن السيبراني (متوسط)",
      "areas": [
        {
          "name": "Security Concepts",
          "modules": [
            {
              "name": "المفاهيم الأساسية",
              "tasks": [
                "CIA Triad والتهديدات والهندسة الاجتماعية",
                "التشفير vs التجزئة"
              ]
            }
          ]
        },
        {
          "name": "Linux Advanced",
          "modules": [
            {
              "name": "إدارة مستخدمين وBash",
              "tasks": [
                "Users/Groups/Permissions",
                "Bash Scripting — سكربت بسيط",
                "إدارة خدمات وسيرفرات"
              ]
            }
          ]
        },
        {
          "name": "Ethical Hacking Basics",
          "modules": [
            {
              "name": "Recon & Scanning",
              "tasks": [
                "nmap -sV عملي",
                "whois/dig عملي"
              ]
            }
          ]
        }
      ]
    }
  ]
}